pharmacy_id,medicine_id,quantity_available,expiry_date,last_updated,price,latitude,longitude
PHARM_001,MED001,150,2028-01-15,2026-04-07T08:00:00Z,15.00,19.0760,72.8777
PHARM_001,MED002,200,2027-10-20,2026-04-07T08:00:00Z,30.00,19.0760,72.8777
PHARM_001,MED006,20,2027-02-14,2026-04-07T08:00:00Z,28.00,19.0760,72.8777
PHARM_001,MED004,50,2027-05-10,2026-04-07T08:00:00Z,120.00,19.0760,72.8777
PHARM_002,MED001,0,2028-01-15,2026-04-07T09:30:00Z,15.00,19.1000,72.9000
PHARM_002,MED003,120,2028-06-01,2026-04-07T09:30:00Z,175.50,19.1000,72.9000
PHARM_002,MED005,60,2027-11-30,2026-04-07T09:30:00Z,200.00,19.1000,72.9000
PHARM_002,MED009,40,2027-04-20,2026-04-07T09:30:00Z,110.00,19.1000,72.9000
PHARM_003,MED010,300,2028-02-10,2026-04-07T10:00:00Z,40.00,19.0500,72.8500
PHARM_003,MED008,80,2027-09-15,2026-04-07T10:00:00Z,115.00,19.0500,72.8500
